{
  "btn.cancel": "Скасувати",
  "btn.signUp.apply": "Зареєструватися",
  "error.INTERNAL_SERVER_ERROR": "Сталась внутрішня помилка. Будь ласка, спробуйте пізніше.",
  "error.REGISTRATION_EMAIL_ALREADY_EXISTS": "Вказаний email вже був кимось зареєстрован",
  "error.REGISTRATION_LOGIN_ALREADY_EXISTS": "Вказаний логiн вже був кимось зареєстрован",
  "error.WRONG_LOGIN_OR_PASSWORD": "Неправильний логiн/email або пароль",
  "field.email": "Email",
  "field.firstName": "Iм'я",
  "field.lastName": "Прізвище",
  "field.login": "Логiн",
  "field.loginOrEmail": "Логiн або Email",
  "field.password": "Пароль",
  "field.passwordConfirm": "Підтвердіть пароль",
  "signIn": "Увiйти",
  "signUp": "Реєстрація",
  "signUp.error.EMPTY_SIGN_UP_LOGIN": "Логiн не може бути пустим",
  "signUp.error.EMPTY_SIGN_UP_EMAIL": "Email не може бути пустим",
  "signUp.error.EMPTY_SIGN_UP_PASSWORD": "Пароль не може бути пустим",
  "signUp.error.EMPTY_SIGN_UP_PASSWORD_CONFIRM": "Пiдтвердження паролю не може бути пустим",
  "signUp.error.INVALID_EMAIL": "Невiрний формат Email-а",
  "signUp.error.PASSWORDS_MISMATCHES": "Пароль не було підтверджено"
}
